algorithm,operation,iterations,mean_ms,median_ms,p95_ms,p99_ms,std_ms,min_ms,max_ms,ops_per_second,public_key_bytes,secret_key_bytes,signature_bytes
ML-DSA-44,keygen,2000,0.09686354999999999,0.0876,0.134705,0.17982499999999996,0.019884750096430683,0.083,0.2823,10323.80085181681,1312,2560,2420
ML-DSA-44,sign,2000,0.3884001,0.31085,0.853725,1.3821049999999997,0.25415382043162366,0.1492,2.1051,2574.6646306218768,1312,2560,2420
ML-DSA-44,verify,2000,0.11576344999999999,0.0996,0.16052,0.23350400000000002,0.03743437069188555,0.0931,0.7097,8638.305095433836,1312,2560,2420
ML-DSA-65,keygen,2000,0.17825995,0.1622,0.2453,0.2910589999999999,0.034674653725704316,0.1589,0.734,5609.785035842319,1952,4032,3309
ML-DSA-65,sign,2000,0.7867865500000001,0.62705,1.79446,2.6822099999999995,0.8790886961473783,0.2227,32.5797,1270.9927489228176,1952,4032,3309
ML-DSA-65,verify,2000,0.23268385,0.2184,0.367905,0.549054,0.08789563398814244,0.1471,1.2515,4297.676869279926,1952,4032,3309
ML-DSA-87,keygen,2000,0.39104374999999997,0.3752,0.5949599999999999,1.0086369999999996,0.16548916206488418,0.2359,2.7389,2557.258618760689,2592,4896,4627
ML-DSA-87,sign,2000,1.03888805,0.86655,2.23088,3.2032539999999994,0.6028195228193903,0.3485,5.641,962.5676221802725,2592,4896,4627
ML-DSA-87,verify,2000,0.38433025,0.3638,0.59781,0.876911,0.15340548112742747,0.2414,2.5199,2601.9289400196835,2592,4896,4627
