handshakes_per_month,provider,scenario,algorithm,server_egress_gb_month,network_unit,network_units_month,free_units_month,price_per_unit,standalone_billable_units,standalone_network_cost_month,marginal_billable_units,marginal_network_cost_month,currency,extra_standalone_network_cost_vs_classical,extra_marginal_network_cost_vs_classical
1000000,Azure,Classical,X25519,0.032,GB,0.032,100.0,0.087,0.0,0.0,0.032,0.002784,USD,0.0,0.0
1000000,Azure,Post-Quantum,ML-KEM-768,1.088,GB,1.088,100.0,0.087,0.0,0.0,1.088,0.094656,USD,0.0,0.09187200000000001
1000000,Azure,Hybrid,X25519MLKEM768,1.12,GB,1.12,100.0,0.087,0.0,0.0,1.12,0.09744,USD,0.0,0.094656
1000000,GCP,Classical,X25519,0.032,GiB,0.029802322387695312,200.0,0.085,0.0,0.0,0.029802322387695312,0.0025331974029541016,USD,0.0,0.0
1000000,GCP,Post-Quantum,ML-KEM-768,1.088,GiB,1.0132789611816406,200.0,0.085,0.0,0.0,1.0132789611816406,0.08612871170043945,USD,0.0,0.08359551429748535
1000000,GCP,Hybrid,X25519MLKEM768,1.12,GiB,1.043081283569336,200.0,0.085,0.0,0.0,1.043081283569336,0.08866190910339355,USD,0.0,0.08612871170043945
100000000,Azure,Classical,X25519,3.2,GB,3.2,100.0,0.087,0.0,0.0,3.2,0.2784,USD,0.0,0.0
100000000,Azure,Post-Quantum,ML-KEM-768,108.8,GB,108.8,100.0,0.087,8.799999999999997,0.7655999999999997,108.8,9.465599999999998,USD,0.7655999999999997,9.187199999999999
100000000,Azure,Hybrid,X25519MLKEM768,112.0,GB,112.0,100.0,0.087,12.0,1.044,112.0,9.744,USD,1.044,9.4656
100000000,GCP,Classical,X25519,3.2,GiB,2.9802322387695312,200.0,0.085,0.0,0.0,2.9802322387695312,0.25331974029541016,USD,0.0,0.0
100000000,GCP,Post-Quantum,ML-KEM-768,108.8,GiB,101.32789611816406,200.0,0.085,0.0,0.0,101.32789611816406,8.612871170043945,USD,0.0,8.359551429748535
100000000,GCP,Hybrid,X25519MLKEM768,112.0,GiB,104.3081283569336,200.0,0.085,0.0,0.0,104.3081283569336,8.866190910339355,USD,0.0,8.612871170043945
1000000000,Azure,Classical,X25519,32.0,GB,32.0,100.0,0.087,0.0,0.0,32.0,2.784,USD,0.0,0.0
1000000000,Azure,Post-Quantum,ML-KEM-768,1088.0,GB,1088.0,100.0,0.087,988.0,85.95599999999999,1088.0,94.65599999999999,USD,85.95599999999999,91.87199999999999
1000000000,Azure,Hybrid,X25519MLKEM768,1120.0,GB,1120.0,100.0,0.087,1020.0,88.74,1120.0,97.44,USD,88.74,94.65599999999999
1000000000,GCP,Classical,X25519,32.0,GiB,29.802322387695312,200.0,0.085,0.0,0.0,29.802322387695312,2.5331974029541016,USD,0.0,0.0
1000000000,GCP,Post-Quantum,ML-KEM-768,1088.0,GiB,1013.2789611816406,200.0,0.085,813.2789611816406,69.12871170043945,1013.2789611816406,86.12871170043945,USD,69.12871170043945,83.59551429748535
1000000000,GCP,Hybrid,X25519MLKEM768,1120.0,GiB,1043.081283569336,200.0,0.085,843.0812835693359,71.66190910339355,1043.081283569336,88.66190910339355,USD,71.66190910339355,86.12871170043945
