company_scenario,sensitivity_case,applications,engineers,engineering_hours,hourly_engineering_cost,labor_cost,hsm_cost,total_migration_cost,estimated_calendar_months,cost_per_application
Startup,Low,5,2,144.0,54.0,7776.0,0.0,7776.0,0.45,1555.2
Startup,Central,5,2,192.0,60.0,11520.0,0.0,11520.0,0.6,2304.0
Startup,High,5,2,288.0,72.0,20736.0,0.0,20736.0,0.9,4147.2
Mid-size,Low,30,6,1011.0,67.5,68242.5,7500.0,75742.5,1.053125,2524.75
Mid-size,Central,30,6,1348.0,75.0,101100.0,15000.0,116100.0,1.4041666666666666,3870.0
Mid-size,High,30,6,2022.0,90.0,181980.0,22500.0,204480.0,2.10625,6816.0
Enterprise,Low,200,20,7050.0,85.5,602775.0,60000.0,662775.0,2.203125,3313.875
Enterprise,Central,200,20,9400.0,95.0,893000.0,120000.0,1013000.0,2.9375,5065.0
Enterprise,High,200,20,14100.0,114.0,1607400.0,180000.0,1787400.0,4.40625,8937.0
