scenario,algorithm,server_crypto_ms,client_crypto_ms,server_egress_bytes,client_egress_bytes,handshakes_per_month,total_crypto_ms,total_transmitted_bytes,server_cpu_hours_month,total_cpu_hours_month,server_egress_gb_month,total_crypto_traffic_gb_month,extra_server_cpu_hours_vs_classical,extra_server_egress_gb_vs_classical
Classical,X25519,0.1133686099999998,0.1133686099999998,32,32,1000000,0.2267372199999996,64,0.0314912805555555,0.062982561111111,0.032,0.064,0.0,0.0
Classical,X25519,0.1133686099999998,0.1133686099999998,32,32,100000000,0.2267372199999996,64,3.1491280555555496,6.298256111111099,3.2,6.4,0.0,0.0
Classical,X25519,0.1133686099999998,0.1133686099999998,32,32,1000000000,0.2267372199999996,64,31.4912805555555,62.982561111111,32.0,64.0,0.0,0.0
Post-Quantum,ML-KEM-768,1.0449848,0.527676885,1184,1088,1000000,1.572661685,2272,0.29027355555555556,0.4368504680555555,1.184,2.272,0.25878227500000006,1.152
Post-Quantum,ML-KEM-768,1.0449848,0.527676885,1184,1088,100000000,1.572661685,2272,29.027355555555555,43.68504680555556,118.4,227.2,25.878227500000005,115.2
Post-Quantum,ML-KEM-768,1.0449848,0.527676885,1184,1088,1000000000,1.572661685,2272,290.2735555555555,436.85046805555555,1184.0,2272.0,258.782275,1152.0
Hybrid,X25519+ML-KEM-768,1.1659094499999996,0.6486015349999996,1216,1120,1000000,1.8145109849999992,2336,0.32386373611111097,0.5040308291666664,1.216,2.336,0.29237245555555547,1.184
Hybrid,X25519+ML-KEM-768,1.1659094499999996,0.6486015349999996,1216,1120,100000000,1.8145109849999992,2336,32.3863736111111,50.40308291666664,121.6,233.6,29.237245555555546,118.39999999999999
Hybrid,X25519+ML-KEM-768,1.1659094499999996,0.6486015349999996,1216,1120,1000000000,1.8145109849999992,2336,323.863736111111,504.0308291666665,1216.0,2336.0,292.3724555555555,1184.0
