handshakes_per_month,provider,region,instance,scenario,algorithm,server_cpu_hours_month,vm_price_per_hour,vcpus,price_per_vcpu_hour,compute_cost_month,currency,extra_compute_cost_vs_classical
1000000,AWS,Spain,m7i.large,Classical,X25519,0.0304172319444444,0.1124,2,0.0562,0.0017094484352777753,USD,0.0
1000000,AWS,Spain,m7i.large,Post-Quantum,ML-KEM-768,0.0204877805555555,0.1124,2,0.0562,0.0011514132672222192,USD,-0.0005580351680555561
1000000,AWS,Spain,m7i.large,Hybrid,X25519MLKEM768,0.0509050124999999,0.1124,2,0.0562,0.0028608617024999945,USD,0.0011514132672222192
1000000,Azure,Spain,D2s_v5,Classical,X25519,0.0304172319444444,0.107,2,0.0535,0.0016273219090277753,USD,0.0
1000000,Azure,Spain,D2s_v5,Post-Quantum,ML-KEM-768,0.0204877805555555,0.107,2,0.0535,0.0010960962597222194,USD,-0.0005312256493055559
1000000,Azure,Spain,D2s_v5,Hybrid,X25519MLKEM768,0.0509050124999999,0.107,2,0.0535,0.002723418168749995,USD,0.0010960962597222196
1000000,GCP,Madrid,e2-standard-2,Classical,X25519,0.0304172319444444,0.07908,2,0.03954,0.0012026973510833316,USD,0.0
1000000,GCP,Madrid,e2-standard-2,Post-Quantum,ML-KEM-768,0.0204877805555555,0.07908,2,0.03954,0.0008100868431666645,USD,-0.0003926105079166671
1000000,GCP,Madrid,e2-standard-2,Hybrid,X25519MLKEM768,0.0509050124999999,0.07908,2,0.03954,0.002012784194249996,USD,0.0008100868431666643
100000000,AWS,Spain,m7i.large,Classical,X25519,3.0417231944444416,0.1124,2,0.0562,0.1709448435277776,USD,0.0
100000000,AWS,Spain,m7i.large,Post-Quantum,ML-KEM-768,2.0487780555555526,0.1124,2,0.0562,0.11514132672222206,USD,-0.05580351680555555
100000000,AWS,Spain,m7i.large,Hybrid,X25519MLKEM768,5.090501249999994,0.1124,2,0.0562,0.28608617024999966,USD,0.11514132672222205
100000000,Azure,Spain,D2s_v5,Classical,X25519,3.0417231944444416,0.107,2,0.0535,0.16273219090277763,USD,0.0
100000000,Azure,Spain,D2s_v5,Post-Quantum,ML-KEM-768,2.0487780555555526,0.107,2,0.0535,0.10960962597222206,USD,-0.053122564930555574
100000000,Azure,Spain,D2s_v5,Hybrid,X25519MLKEM768,5.090501249999994,0.107,2,0.0535,0.27234181687499964,USD,0.10960962597222201
100000000,GCP,Madrid,e2-standard-2,Classical,X25519,3.0417231944444416,0.07908,2,0.03954,0.12026973510833322,USD,0.0
100000000,GCP,Madrid,e2-standard-2,Post-Quantum,ML-KEM-768,2.0487780555555526,0.07908,2,0.03954,0.08100868431666655,USD,-0.03926105079166667
100000000,GCP,Madrid,e2-standard-2,Hybrid,X25519MLKEM768,5.090501249999994,0.07908,2,0.03954,0.20127841942499974,USD,0.08100868431666652
1000000000,AWS,Spain,m7i.large,Classical,X25519,30.417231944444417,0.1124,2,0.0562,1.7094484352777763,USD,0.0
1000000000,AWS,Spain,m7i.large,Post-Quantum,ML-KEM-768,20.487780555555524,0.1124,2,0.0562,1.1514132672222204,USD,-0.558035168055556
1000000000,AWS,Spain,m7i.large,Hybrid,X25519MLKEM768,50.90501249999994,0.1124,2,0.0562,2.8608617024999967,USD,1.1514132672222204
1000000000,Azure,Spain,D2s_v5,Classical,X25519,30.417231944444417,0.107,2,0.0535,1.6273219090277762,USD,0.0
1000000000,Azure,Spain,D2s_v5,Post-Quantum,ML-KEM-768,20.487780555555524,0.107,2,0.0535,1.0960962597222206,USD,-0.5312256493055556
1000000000,Azure,Spain,D2s_v5,Hybrid,X25519MLKEM768,50.90501249999994,0.107,2,0.0535,2.7234181687499968,USD,1.0960962597222206
1000000000,GCP,Madrid,e2-standard-2,Classical,X25519,30.417231944444417,0.07908,2,0.03954,1.2026973510833323,USD,0.0
1000000000,GCP,Madrid,e2-standard-2,Post-Quantum,ML-KEM-768,20.487780555555524,0.07908,2,0.03954,0.8100868431666653,USD,-0.39261050791666696
1000000000,GCP,Madrid,e2-standard-2,Hybrid,X25519MLKEM768,50.90501249999994,0.07908,2,0.03954,2.0127841942499978,USD,0.8100868431666655
