type,algorithm,signed_operations_per_month,sign_ms,verify_ms,signature_bytes,public_key_bytes,signer_cpu_hours_month,verifier_cpu_hours_month,total_signature_cpu_hours_month,signature_traffic_gb_month,extra_signer_cpu_hours_vs_ecdsa,extra_verifier_cpu_hours_vs_ecdsa,extra_total_cpu_hours_vs_ecdsa,extra_signature_traffic_gb_vs_ecdsa
Classical,ECDSA-P256,1000000,0.0449312599999999,0.0981796399999999,70.9957,65,0.012480905555555527,0.027272122222222195,0.03975302777777772,0.0709957,0.0,0.0,0.0,0.0
Classical,ECDSA-P256,100000000,0.0449312599999999,0.0981796399999999,70.9957,65,1.2480905555555528,2.7272122222222195,3.975302777777772,7.09957,0.0,0.0,0.0,0.0
Classical,ECDSA-P256,1000000000,0.0449312599999999,0.0981796399999999,70.9957,65,12.480905555555527,27.272122222222194,39.75302777777772,70.9957,0.0,0.0,0.0,0.0
Post-Quantum,ML-DSA-44,1000000,0.40836432,0.1112073349999999,2420.0,1312,0.11343453333333334,0.030890926388888858,0.1443254597222222,2.42,0.1009536277777778,0.003618804166666663,0.10457243194444446,2.3490043
Post-Quantum,ML-DSA-44,100000000,0.40836432,0.1112073349999999,2420.0,1312,11.343453333333333,3.0890926388888857,14.432545972222218,242.0,10.09536277777778,0.36188041666666626,10.457243194444446,234.90043
Post-Quantum,ML-DSA-44,1000000000,0.40836432,0.1112073349999999,2420.0,1312,113.43453333333333,30.89092638888886,144.3254597222222,2420.0,100.95362777777781,3.618804166666667,104.57243194444449,2349.0043
Post-Quantum,ML-DSA-65,1000000,0.631409515,0.1790931199999999,3309.0,1952,0.17539153194444446,0.04974808888888886,0.22513962083333333,3.309,0.16291062638888892,0.022475966666666666,0.1853865930555556,3.2380043
Post-Quantum,ML-DSA-65,100000000,0.631409515,0.1790931199999999,3309.0,1952,17.539153194444445,4.974808888888886,22.513962083333332,330.9,16.291062638888892,2.247596666666667,18.538659305555562,323.80043
Post-Quantum,ML-DSA-65,1000000000,0.631409515,0.1790931199999999,3309.0,1952,175.39153194444444,49.748088888888866,225.1396208333333,3309.0,162.91062638888891,22.47596666666667,185.38659305555558,3238.0043
Post-Quantum,ML-DSA-87,1000000,0.738958925,0.2776876899999999,4627.0,2592,0.20526636805555556,0.07713546944444441,0.2824018375,4.627,0.19278546250000003,0.049863347222222215,0.24264880972222225,4.5560043
Post-Quantum,ML-DSA-87,100000000,0.738958925,0.2776876899999999,4627.0,2592,20.526636805555555,7.713546944444442,28.240183749999996,462.7,19.27854625,4.986334722222223,24.264880972222223,455.60042999999996
Post-Quantum,ML-DSA-87,1000000000,0.738958925,0.2776876899999999,4627.0,2592,205.26636805555555,77.13546944444441,282.40183749999994,4627.0,192.78546250000002,49.86334722222222,242.6488097222222,4556.0043
