provider,algorithm,signed_operations_per_month,signer_cpu_hours_month,signature_traffic_gb_month,compute_cost_month,network_cost_month,total_signature_cost_month,currency,compute_region,compute_product,compute_pricing_source,network_region,network_product,network_unit,network_pricing_source,pricing_checked_date,extra_cost_vs_ecdsa_month,extra_cost_vs_ecdsa_year
Azure,ECDSA-P256,1000000,0.0124809055555555,0.0709957,0.0006677284472222192,0.006176625899999999,0.006844354347222218,USD,spaincentral,Standard_D2s_v5,Spare Cores Azure catalog,Europe,Premium Global Network internet egress,GB,Microsoft Azure Bandwidth Pricing,2026-10-04,0.0,0.0
Azure,ECDSA-P256,100000000,1.2480905555555528,7.09957,0.06677284472222207,0.6176625899999999,0.684435434722222,USD,spaincentral,Standard_D2s_v5,Spare Cores Azure catalog,Europe,Premium Global Network internet egress,GB,Microsoft Azure Bandwidth Pricing,2026-10-04,0.0,0.0
Azure,ECDSA-P256,1000000000,12.480905555555529,70.9957,0.6677284472222208,6.1766258999999994,6.84435434722222,USD,spaincentral,Standard_D2s_v5,Spare Cores Azure catalog,Europe,Premium Global Network internet egress,GB,Microsoft Azure Bandwidth Pricing,2026-10-04,0.0,0.0
Azure,ML-DSA-44,1000000,0.1134345333333333,2.42,0.006068747533333331,0.21053999999999998,0.2166087475333333,USD,spaincentral,Standard_D2s_v5,Spare Cores Azure catalog,Europe,Premium Global Network internet egress,GB,Microsoft Azure Bandwidth Pricing,2026-10-04,0.2097643931861111,2.517172718233333
Azure,ML-DSA-44,100000000,11.343453333333333,242.0,0.6068747533333333,21.054,21.66087475333333,USD,spaincentral,Standard_D2s_v5,Spare Cores Azure catalog,Europe,Premium Global Network internet egress,GB,Microsoft Azure Bandwidth Pricing,2026-10-04,20.97643931861111,251.7172718233333
Azure,ML-DSA-44,1000000000,113.43453333333332,2420.0,6.068747533333332,210.54,216.60874753333331,USD,spaincentral,Standard_D2s_v5,Spare Cores Azure catalog,Europe,Premium Global Network internet egress,GB,Microsoft Azure Bandwidth Pricing,2026-10-04,209.7643931861111,2517.1727182333334
Azure,ML-DSA-65,1000000,0.1753915319444444,3.309,0.009383446959027776,0.287883,0.29726644695902776,USD,spaincentral,Standard_D2s_v5,Spare Cores Azure catalog,Europe,Premium Global Network internet egress,GB,Microsoft Azure Bandwidth Pricing,2026-10-04,0.29042209261180557,3.485065111341667
Azure,ML-DSA-65,100000000,17.539153194444445,330.9,0.9383446959027778,28.788299999999996,29.726644695902774,USD,spaincentral,Standard_D2s_v5,Spare Cores Azure catalog,Europe,Premium Global Network internet egress,GB,Microsoft Azure Bandwidth Pricing,2026-10-04,29.042209261180552,348.50651113416666
Azure,ML-DSA-65,1000000000,175.39153194444444,3309.0,9.383446959027777,287.883,297.26644695902775,USD,spaincentral,Standard_D2s_v5,Spare Cores Azure catalog,Europe,Premium Global Network internet egress,GB,Microsoft Azure Bandwidth Pricing,2026-10-04,290.4220926118055,3485.065111341666
Azure,ML-DSA-87,1000000,0.2052663680555555,4.627,0.010981750690972219,0.40254899999999993,0.41353075069097217,USD,spaincentral,Standard_D2s_v5,Spare Cores Azure catalog,Europe,Premium Global Network internet egress,GB,Microsoft Azure Bandwidth Pricing,2026-10-04,0.40668639634375,4.880236756125
Azure,ML-DSA-87,100000000,20.526636805555555,462.7,1.098175069097222,40.2549,41.35307506909722,USD,spaincentral,Standard_D2s_v5,Spare Cores Azure catalog,Europe,Premium Global Network internet egress,GB,Microsoft Azure Bandwidth Pricing,2026-10-04,40.668639634375,488.02367561249997
Azure,ML-DSA-87,1000000000,205.26636805555555,4627.0,10.981750690972222,402.549,413.5307506909722,USD,spaincentral,Standard_D2s_v5,Spare Cores Azure catalog,Europe,Premium Global Network internet egress,GB,Microsoft Azure Bandwidth Pricing,2026-10-04,406.68639634374995,4880.236756124999
GCP,ECDSA-P256,1000000,0.0124809055555555,0.0709957,0.0004934950056666644,0.005620191339403391,0.006113686345070055,USD,europe-southwest1,e2-standard-2,compute.info cloud VM catalog,europe-southwest1,Standard Tier internet data transfer out,GiB,Google Cloud Network Service Tiers Pricing,2026-10-04,0.0,0.0
GCP,ECDSA-P256,100000000,1.2480905555555528,7.09957,0.04934950056666656,0.5620191339403391,0.6113686345070056,USD,europe-southwest1,e2-standard-2,compute.info cloud VM catalog,europe-southwest1,Standard Tier internet data transfer out,GiB,Google Cloud Network Service Tiers Pricing,2026-10-04,0.0,0.0
GCP,ECDSA-P256,1000000000,12.480905555555529,70.9957,0.4934950056666656,5.620191339403391,6.1136863450700565,USD,europe-southwest1,e2-standard-2,compute.info cloud VM catalog,europe-southwest1,Standard Tier internet data transfer out,GiB,Google Cloud Network Service Tiers Pricing,2026-10-04,0.0,0.0
GCP,ML-DSA-44,1000000,0.1134345333333333,2.42,0.0044852014479999985,0.19157305359840393,0.19605825504640392,USD,europe-southwest1,e2-standard-2,compute.info cloud VM catalog,europe-southwest1,Standard Tier internet data transfer out,GiB,Google Cloud Network Service Tiers Pricing,2026-10-04,0.18994456870133386,2.279334824416006
GCP,ML-DSA-44,100000000,11.343453333333333,242.0,0.44852014479999996,19.157305359840393,19.605825504640393,USD,europe-southwest1,e2-standard-2,compute.info cloud VM catalog,europe-southwest1,Standard Tier internet data transfer out,GiB,Google Cloud Network Service Tiers Pricing,2026-10-04,18.994456870133387,227.93348244160063
GCP,ML-DSA-44,1000000000,113.43453333333332,2420.0,4.485201448,191.57305359840393,196.05825504640393,USD,europe-southwest1,e2-standard-2,compute.info cloud VM catalog,europe-southwest1,Standard Tier internet data transfer out,GiB,Google Cloud Network Service Tiers Pricing,2026-10-04,189.94456870133388,2279.3348244160065
GCP,ML-DSA-65,1000000,0.1753915319444444,3.309,0.006934981173083331,0.26194844394922256,0.2688834251223059,USD,europe-southwest1,e2-standard-2,compute.info cloud VM catalog,europe-southwest1,Standard Tier internet data transfer out,GiB,Google Cloud Network Service Tiers Pricing,2026-10-04,0.26276973877723586,3.1532368653268303
GCP,ML-DSA-65,100000000,17.539153194444445,330.9,0.6934981173083333,26.19484439492226,26.888342512230594,USD,europe-southwest1,e2-standard-2,compute.info cloud VM catalog,europe-southwest1,Standard Tier internet data transfer out,GiB,Google Cloud Network Service Tiers Pricing,2026-10-04,26.276973877723588,315.32368653268304
GCP,ML-DSA-65,1000000000,175.39153194444444,3309.0,6.934981173083333,261.94844394922256,268.8834251223059,USD,europe-southwest1,e2-standard-2,compute.info cloud VM catalog,europe-southwest1,Standard Tier internet data transfer out,GiB,Google Cloud Network Service Tiers Pricing,2026-10-04,262.76973877723583,3153.23686532683
GCP,ML-DSA-87,1000000,0.2052663680555555,4.627,0.008116232192916665,0.3662845119833946,0.3744007441763113,USD,europe-southwest1,e2-standard-2,compute.info cloud VM catalog,europe-southwest1,Standard Tier internet data transfer out,GiB,Google Cloud Network Service Tiers Pricing,2026-10-04,0.36828705783124127,4.419444693974896
GCP,ML-DSA-87,100000000,20.526636805555555,462.7,0.8116232192916666,36.62845119833946,37.44007441763113,USD,europe-southwest1,e2-standard-2,compute.info cloud VM catalog,europe-southwest1,Standard Tier internet data transfer out,GiB,Google Cloud Network Service Tiers Pricing,2026-10-04,36.82870578312413,441.94446939748957
GCP,ML-DSA-87,1000000000,205.26636805555555,4627.0,8.116232192916666,366.2845119833946,374.40074417631126,USD,europe-southwest1,e2-standard-2,compute.info cloud VM catalog,europe-southwest1,Standard Tier internet data transfer out,GiB,Google Cloud Network Service Tiers Pricing,2026-10-04,368.2870578312412,4419.444693974894
