handshakes_per_month,provider,scenario,algorithm,server_cpu_hours_month,compute_cost_month,server_egress_gb_month,network_unit,network_units_month,standalone_network_cost_month,marginal_network_cost_month,standalone_total_cost_month,marginal_total_cost_month,extra_standalone_cost_vs_classical_month,extra_operational_cost_vs_classical,extra_operational_cost_vs_classical_year,currency
1000000,Azure,Classical,X25519,0.0304172319444444,0.0016273219090277,0.032,GB,0.032,0.0,0.002784,0.0016273219090277,0.0044113219090277,0.0,0.0,0.0,USD
1000000,Azure,Post-Quantum,ML-KEM-768,0.0204877805555555,0.0010960962597222,1.088,GB,1.088,0.0,0.094656,0.0010960962597222,0.09575209625972221,-0.0005312256493055,0.09134077435069451,1.096089292208334,USD
1000000,Azure,Hybrid,X25519MLKEM768,0.0509050124999999,0.0027234181687499,1.12,GB,1.12,0.0,0.09744,0.0027234181687499,0.1001634181687499,0.0010960962597221999,0.0957520962597222,1.1490251551166664,USD
1000000,GCP,Classical,X25519,0.0304172319444444,0.0012026973510833,0.032,GiB,0.0298023223876953,0.0,0.0025331974029541,0.0012026973510833,0.0037358947540374,0.0,0.0,0.0,USD
1000000,GCP,Post-Quantum,ML-KEM-768,0.0204877805555555,0.0008100868431666,1.088,GiB,1.0132789611816406,0.0,0.0861287117004394,0.0008100868431666,0.08693879854360599,-0.00039261050791669996,0.08320290378956859,0.9984348454748231,USD
1000000,GCP,Hybrid,X25519MLKEM768,0.0509050124999999,0.0020127841942499,1.12,GiB,1.043081283569336,0.0,0.0886619091033935,0.0020127841942499,0.0906746932976434,0.0008100868431666001,0.08693879854360599,1.043265582523272,USD
100000000,Azure,Classical,X25519,3.0417231944444416,0.1627321909027776,3.2,GB,3.2,0.0,0.2784,0.1627321909027776,0.44113219090277755,0.0,0.0,0.0,USD
100000000,Azure,Post-Quantum,ML-KEM-768,2.0487780555555526,0.109609625972222,108.8,GB,108.8,0.7655999999999997,9.465599999999998,0.8752096259722217,9.57520962597222,0.7124774350694442,9.134077435069443,109.60892922083332,USD
100000000,Azure,Hybrid,X25519MLKEM768,5.090501249999994,0.2723418168749996,112.0,GB,112.0,1.044,9.744,1.3163418168749996,10.016341816874998,1.153609625972222,9.57520962597222,114.90251551166665,USD
100000000,GCP,Classical,X25519,3.0417231944444416,0.1202697351083332,3.2,GiB,2.9802322387695312,0.0,0.2533197402954101,0.1202697351083332,0.3735894754037433,0.0,0.0,0.0,USD
100000000,GCP,Post-Quantum,ML-KEM-768,2.0487780555555526,0.0810086843166665,108.8,GiB,101.32789611816406,0.0,8.612871170043945,0.0810086843166665,8.693879854360612,-0.03926105079166671,8.320290378956868,99.8434845474824,USD
100000000,GCP,Hybrid,X25519MLKEM768,5.090501249999994,0.2012784194249997,112.0,GiB,104.3081283569336,0.0,8.866190910339355,0.2012784194249997,9.067469329764355,0.08100868431666648,8.693879854360612,104.32655825232735,USD
1000000000,Azure,Classical,X25519,30.417231944444417,1.6273219090277762,32.0,GB,32.0,0.0,2.784,1.6273219090277762,4.411321909027776,0.0,0.0,0.0,USD
1000000000,Azure,Post-Quantum,ML-KEM-768,20.487780555555524,1.0960962597222206,1088.0,GB,1088.0,85.95599999999999,94.656,87.0520962597222,95.75209625972222,85.42477435069443,91.34077435069445,1096.0892922083333,USD
1000000000,Azure,Hybrid,X25519MLKEM768,50.90501249999994,2.7234181687499968,1120.0,GB,1120.0,88.74,97.44,91.46341816875,100.16341816875,89.83609625972223,95.75209625972222,1149.0251551166666,USD
1000000000,GCP,Classical,X25519,30.417231944444417,1.2026973510833323,32.0,GiB,29.802322387695312,0.0,2.5331974029541016,1.2026973510833323,3.735894754037434,0.0,0.0,0.0,USD
1000000000,GCP,Post-Quantum,ML-KEM-768,20.487780555555524,0.8100868431666653,1088.0,GiB,1013.2789611816406,69.12871170043945,86.12871170043945,69.93879854360611,86.93879854360611,68.73610119252278,83.20290378956868,998.4348454748242,USD
1000000000,GCP,Hybrid,X25519MLKEM768,50.90501249999994,2.0127841942499978,1120.0,GiB,1043.081283569336,71.66190910339355,88.66190910339355,73.67469329764356,90.67469329764356,72.47199594656023,86.93879854360613,1043.2655825232735,USD
