algorithm,operation,iterations,mean_ms,median_ms,p95_ms,p99_ms,std_ms,min_ms,max_ms,ops_per_second,public_key_bytes,secret_key_bytes,ciphertext_bytes,shared_secret_bytes,nist_level
ML-KEM-512,keygen,2000,0.38189569999999995,0.34955,0.62154,1.021536,0.18953606174422322,0.2072,4.078,2618.5159979544155,800,1632,768,32,1
ML-KEM-512,encaps,2000,0.38239504999999996,0.37785,0.531215,0.69561,0.10265868921088707,0.261,2.0396,2615.096612783037,800,1632,768,32,1
ML-KEM-512,decaps,2000,0.43452889999999994,0.3744,0.630405,0.784086,0.12255753875135549,0.3193,2.0362,2301.3429026239683,800,1632,768,32,1
ML-KEM-768,keygen,2000,0.46573770000000003,0.3388,0.579905,0.9766039999999995,1.2676717731805462,0.314,36.4511,2147.1313144716432,1184,2400,1088,32,3
ML-KEM-768,encaps,2000,0.44348905,0.3852,0.62186,0.7412259999999998,0.10152873447993677,0.3726,1.2434,2254.847103891291,1184,2400,1088,32,3
ML-KEM-768,decaps,2000,0.5639851499999999,0.48955,0.783105,0.8681549999999999,0.12669857723935773,0.4547,1.4724,1773.0963306392023,1184,2400,1088,32,3
ML-KEM-1024,keygen,2000,0.5691883500000001,0.50075,0.77712,0.8874099999999999,0.12638064903013238,0.4488,1.9605,1756.8876805015418,1568,3168,1568,32,5
ML-KEM-1024,encaps,2000,0.6715319999999999,0.56675,0.973665,1.199243,0.20822945376675223,0.5155,4.3345,1489.13231238422,1568,3168,1568,32,5
ML-KEM-1024,decaps,2000,0.86526805,0.7376,1.2333049999999999,1.964035,0.2915842575383615,0.6167,6.1839,1155.7112272896243,1568,3168,1568,32,5
