algorithm,operation,runs,mean_ms,run_mean_std_ms,median_ms,p95_ms,p99_ms,ops_per_second,min_run_mean_ms,max_run_mean_ms,coefficient_of_variation_pct,public_key_bytes,secret_key_bytes,signature_bytes
ML-DSA-44,keygen,10,0.11909897999999994,0.028905129492340993,0.102125,0.18520299999999995,0.2690332999999999,8776.57927971335,0.0963091,0.1769392,24.269837988823255,1312,2560,2420
ML-DSA-44,sign,10,0.4251876,0.09252234057096997,0.341955,0.9689359999999999,1.4159190999999998,2431.2825832508224,0.3434988500000001,0.64444235,21.76035720961053,1312,2560,2420
ML-DSA-44,verify,10,0.11834363999999997,0.019754099615576295,0.10283,0.17973849999999994,0.27334729999999996,8628.069669461103,0.09907645,0.1667016,16.692151446056837,1312,2560,2420
ML-DSA-65,keygen,10,0.209269455,0.0510055307478646,0.184,0.313438,0.4984993999999999,4966.837235645387,0.17099085,0.3411363,24.373136895618426,1952,4032,3309
ML-DSA-65,sign,10,0.671926675,0.15314066052219458,0.53186,1.5375179999999997,2.3658893999999995,1538.7732120776495,0.5776369000000001,1.0738245000000002,22.791275628727583,1952,4032,3309
ML-DSA-65,verify,10,0.19443945499999998,0.047267010513255964,0.17395,0.27697249999999995,0.38526629999999995,5346.554364760321,0.1579063,0.31527445,24.30937204244682,1952,4032,3309
ML-DSA-87,keygen,10,0.31407806,0.06554121306690167,0.27703,0.46577199999999996,0.6968672999999999,3295.548511294651,0.2527571,0.4310258,20.86781008100396,2592,4896,4627
ML-DSA-87,sign,10,0.8185098500000001,0.1185786332090346,0.676895,1.7426019999999998,2.5167022999999995,1242.524328913881,0.7082765000000001,1.03888805,14.487135763733885,2592,4896,4627
ML-DSA-87,verify,10,0.29852564,0.038776892438573095,0.26393,0.4400745,0.6103883999999999,3395.23973617285,0.2569078999999999,0.38433025,12.989467986258433,2592,4896,4627
