algorithm,operation,runs,mean_ms,run_mean_std_ms,median_ms,p95_ms,p99_ms,ops_per_second,min_run_mean_ms,max_run_mean_ms,coefficient_of_variation_pct,public_key_bytes,secret_key_bytes,ciphertext_bytes,shared_secret_bytes,nist_level
ML-KEM-1024,decaps,10,0.11616593499999998,0.020139771607996206,0.1021,0.17024799999999995,0.25117009999999995,8786.336775233813,0.1020512,0.1705506,17.337071842959993,1568,3168,1568,32,5
ML-KEM-1024,encaps,10,0.10000432499999998,0.012626170989704283,0.087365,0.14855849999999998,0.2343323999999999,10118.189300429933,0.0890617,0.13340775,12.625624931426001,1568,3168,1568,32,5
ML-KEM-1024,keygen,10,0.09936311499999997,0.018059959755800607,0.087035,0.149986,0.26600929999999995,10338.312723489975,0.0820381,0.1343503499999999,18.17571817852189,1568,3168,1568,32,5
ML-KEM-512,decaps,10,0.06218790499999999,0.013103645548185149,0.05353999999999999,0.09313999999999996,0.16057509999999994,16601.138394843158,0.0514752999999999,0.08772885,21.071051594655184,800,1632,768,32,1
ML-KEM-512,encaps,10,0.05171955499999996,0.011525615636038482,0.04424499999999999,0.07258949999999996,0.1370287999999999,19938.683955934863,0.0455135999999999,0.08336085,22.284831406686486,800,1632,768,32,1
ML-KEM-512,keygen,10,0.04315378999999999,0.00897755841011968,0.036965,0.061579499999999954,0.13268029999999992,23839.468570471683,0.03614335,0.0673549999999999,20.80363835973545,800,1632,768,32,1
ML-KEM-768,decaps,10,0.08629392999999996,0.009374036957978954,0.07318,0.12827149999999993,0.2238983999999999,11709.088026638708,0.07360765,0.1018670999999999,10.862915801817067,1184,2400,1088,32,3
ML-KEM-768,encaps,10,0.07375600999999997,0.012041522119058604,0.065465,0.10686199999999994,0.19260789999999994,13874.252623297212,0.05873725,0.0932909,16.326157175609975,1184,2400,1088,32,3
ML-KEM-768,keygen,10,0.06761699499999994,0.014874542861181927,0.058355000000000004,0.10146399999999996,0.1959738999999999,15275.421855172437,0.0573395,0.1052265999999999,21.99823115650428,1184,2400,1088,32,3
